model,feature_set,cumulative_return,annualized_volatility,sharpe_ratio,max_drawdown
Logistic Regression,market,2.7358909091618813,0.24595893789572054,0.6717625162449342,-0.4278126865402826
Logistic Regression,market_macro,3.1707663240745063,0.23631848425814417,0.7358646406168926,-0.398663119182573
Random Forest,market,2.1145302407047355,0.21359500242872667,0.6472998836961762,-0.28499374418773826
Random Forest,market_macro,3.141001031093329,0.20950695440888212,0.7963871770717077,-0.27623673374068847
XGBoost,market,3.3640329597110092,0.21798980080197713,0.7961109189181986,-0.28421973809621637
XGBoost,market_macro,3.4288242593080556,0.21466984183728188,0.8121610775181682,-0.2819734137915778
